experiment,irr_r1i1p1f2,irr_r1i1p1f2,irr_r2i1p1f2,irr_r2i1p1f2,irr_r3i1p1f2,irr_r3i1p1f2,irr_r4i1p1f2,irr_r4i1p1f2,irr_r5i1p1f2,irr_r5i1p1f2,noirr_r1i1p1f2,noirr_r1i1p1f2,noirr_r2i1p1f2,noirr_r2i1p1f2,noirr_r3i1p1f2,noirr_r3i1p1f2,noirr_r4i1p1f2,noirr_r4i1p1f2,noirr_r5i1p1f2,noirr_r5i1p1f2
variable,rlut,rsut,rlut,rsut,rlut,rsut,rlut,rsut,rlut,rsut,rlut,rsut,rlut,rsut,rlut,rsut,rlut,rsut,rlut,rsut
1901,238.5698183,100.8535127,238.6020477,100.7126015,238.6172365,100.7310464,238.5391525,100.7957441,238.653658,100.6690784,238.5396882,100.7357509,238.3801589,100.8241279,238.3833255,100.7318844,238.6615137,100.5922712,238.5664173,100.9727329
1902,238.0729264,100.783788,238.2274405,100.7546545,238.0440114,101.2090346,238.1551183,101.0667525,238.0069125,101.0507883,237.8959267,100.9951572,238.0794393,100.9800299,237.9588554,101.112603,238.1437286,100.8374931,238.0809447,100.9899218
1903,237.9795088,101.4380294,238.2604685,101.6737413,238.0723719,101.4781449,238.0930312,101.5405731,237.9938435,101.7634196,237.8991546,101.4964712,238.2783949,101.4803286,238.1702592,101.6421392,237.7280086,101.7481104,237.974338,101.4875206
1904,237.7784934,101.2938037,237.7010177,101.2279799,237.9138362,101.1942308,237.7962988,101.3698611,237.8694254,101.14132,237.7601458,101.3184642,237.8106807,101.3372799,237.9483946,101.247217,237.8602628,101.2060452,237.7167544,101.1715123
1905,237.8931753,101.0764208,237.8545063,101.160976,237.9358375,101.0545726,237.962712,100.8746897,237.8969963,100.9249081,237.9240101,101.2744517,238.1531541,100.9979109,237.848195,101.0003749,237.813429,100.9819632,237.9168435,100.9860265
1906,237.8978392,100.9457131,237.7657437,101.0661302,237.8265516,100.9746767,237.7470792,100.9890138,238.1575257,100.9486947,238.1440613,100.8522725,237.6984396,101.1135532,237.8199216,100.9350355,237.8184105,100.9162298,237.9298455,101.026011
1907,238.1099836,100.7227022,238.2691062,100.8354615,238.0402122,101.0100983,237.9553049,101.1211641,238.1340174,101.106331,238.0433581,100.9986286,238.1780607,101.0511083,238.289388,101.0989132,238.2351935,100.8987634,238.1810699,100.9870406
1908,238.2975787,100.980657,238.3788042,100.932763,238.3193052,100.9055097,238.2232933,100.9639429,238.3621864,100.9859995,238.3699489,101.0362301,238.153664,100.9385209,238.2899173,100.930304,238.1989812,100.8909433,238.3385683,100.9903308
1909,237.7553526,100.8505265,237.9128818,100.7166332,238.1485296,100.7608289,237.8963807,100.8271191,237.7334491,100.9190447,237.8050472,100.9819914,237.7406809,100.8957953,237.8323722,100.7233716,237.8523367,100.8729088,237.7112823,101.0166059
1910,237.8791935,101.0000212,237.7565644,101.1358847,237.7150564,101.070008,237.6921341,100.9387677,237.9498437,100.8902221,237.9750476,100.9221748,237.9264623,100.9712074,237.8830453,100.9331779,238.0187776,100.7968451,237.796767,101.142831
1911,238.0571488,101.0994398,237.8951985,101.2039784,237.8835462,100.9415075,238.0144916,101.2898885,238.0303936,101.0124589,238.1236898,101.0503543,237.9210684,101.2329156,237.6931724,101.3990938,237.7960601,101.2367688,237.850891,101.2126141
1912,237.9383494,101.4055301,237.6438085,101.3415193,237.7150802,101.3772044,238.0339568,101.1715302,237.8241035,101.3176028,237.771291,101.3580118,238.0636232,101.2403426,237.7953454,101.405079,237.8040429,101.2631402,238.0549553,101.1045788
1913,238.0062993,101.4209321,238.0295126,101.2672473,238.1364791,101.2759619,237.9819414,101.3683349,238.0299502,101.2680678,237.9932033,101.4133139,237.7173045,101.574372,238.0850551,101.4068664,238.0217295,101.2538936,238.0021724,101.3243899
1914,238.0532112,101.0083009,238.1400815,100.9832278,237.9420559,101.225472,238.1099707,101.0773969,238.1445092,100.8865727,238.1239153,101.066423,238.0965055,101.1195139,238.1261639,100.9126028,237.871729,101.0262215,238.091233,101.0920509
1915,237.724623,100.8567364,237.8358938,100.82449,237.9020665,100.8639201,237.9512815,100.7461378,237.8880077,100.8234349,237.7529424,101.0482,237.928607,100.7483421,237.6507131,100.908638,237.892223,100.7912361,237.8119166,100.9394836
1916,237.6708036,101.0499505,237.6673873,101.2626767,237.8040391,101.137937,238.0357726,100.9569334,237.4722169,101.2036591,237.7882313,101.1847839,237.8910916,101.0747669,237.7707659,101.0383666,237.5425134,101.0014968,237.8756045,101.0269655
1917,238.3455451,101.299554,238.3499771,101.2709259,238.4457375,101.3006092,238.4195201,101.2647324,238.0885589,101.4874213,238.2175018,101.3581947,238.2628354,101.1615919,238.3106298,101.3876473,238.2240518,101.3309048,238.1476597,101.3651152
1918,237.9548839,101.0728374,237.7475728,101.0814111,237.862878,101.0953071,237.9084524,100.9319503,237.5884552,101.2495893,237.7486834,100.9749773,237.591033,101.022826,237.8588426,101.1356201,237.7789965,101.0650966,237.7482666,101.1839657
1919,237.8917589,100.772706,237.7028154,101.0824419,237.9042682,100.9601562,238.0335586,100.7243281,237.4585282,100.9409837,237.9098461,100.7725268,237.9480583,100.6904361,237.7935805,100.9963968,237.8292361,100.9506807,237.8439474,100.8616338
1920,238.4216994,100.6896018,238.0356403,100.8487923,238.049563,100.7552034,238.213346,100.8482439,238.1875596,100.7490218,238.1579927,100.7946119,237.946831,100.8326297,238.0317129,101.0376475,238.2052702,100.8030417,237.9734352,100.8462059
1921,238.361496,100.9049826,238.1630374,101.0059335,238.2855885,100.9554454,238.2289098,100.903538,238.4843126,100.6524682,238.1057023,100.8394812,238.403932,100.6808032,238.342699,100.6858824,238.3148914,100.6929431,238.1611571,101.0031972
1922,237.9136839,101.2421418,238.2709129,101.1123407,237.9928115,101.0297913,237.9482486,101.1620303,238.2491228,101.032421,238.030432,100.910597,238.3201623,100.9931989,238.3348655,101.0813204,238.3165911,100.9759644,238.2315777,100.8354784
1923,238.0878713,100.8318219,237.959913,100.9821396,238.1396635,100.9781431,238.0899105,100.7037639,238.2321455,100.9228982,238.129505,100.9635553,238.1632109,100.942536,237.973998,100.99459,238.1592868,100.9726392,238.2580308,100.8097685
1924,237.941464,100.8502567,237.984025,101.0281522,237.8807177,101.1231809,237.9647905,100.7816572,237.9773887,100.8230074,237.9670505,100.9577559,237.969754,100.782875,238.0821889,100.7391128,237.6081657,100.9901684,237.978333,100.8084607
1925,238.0202573,100.9970116,238.0784056,101.0054389,237.9909309,100.9605547,238.3586007,101.0715203,237.9269234,101.0623047,238.2169504,100.8078047,238.2210549,100.9773241,238.0542762,101.2689003,238.1119622,101.0055658,238.1603191,100.8742561
1926,237.9587455,100.7633413,237.6674812,100.9837156,238.2076464,100.6587417,238.0711794,100.7948305,237.9945588,100.8604125,237.9621267,100.6282343,237.9831101,101.0416715,238.1552439,100.7247963,238.2188945,100.6433214,237.9985131,100.7311198
1927,237.9931294,101.2627625,237.8968742,101.4066386,238.3105308,101.2510382,238.2120988,101.089459,237.9348106,101.1944554,238.2157599,101.2172641,238.2020189,101.1324811,238.0143186,101.0790699,238.160032,101.2412103,238.2290959,101.1088585
1928,237.7894315,100.8421538,237.9919791,100.7788154,237.5822893,101.080237,237.8840024,100.9059475,237.6162682,101.1032704,237.5774207,101.1768871,237.712324,100.9218132,237.7346071,100.9273097,237.4269978,101.1945111,238.0487827,100.8689991
1929,237.4927518,101.277149,237.7708692,101.197846,237.6778851,101.1852732,237.6966481,101.3825688,237.7050414,101.1265859,237.7669096,101.227132,237.8287055,101.1539239,237.676819,101.3168697,237.6600415,101.1363959,237.6739742,101.0756583
1930,238.1450432,101.2603399,238.1997793,101.2498285,237.9489207,101.2099806,238.1675416,101.2437677,238.2033458,101.0987376,237.993486,101.183603,237.9701804,101.176191,238.1897231,101.1067584,238.100178,101.0705527,238.0774166,100.9823145
1931,238.1528603,100.9462589,238.1194034,101.0854933,237.950185,101.1551569,237.9132319,100.9564664,238.2147469,101.0727436,237.8505019,101.0902638,237.8024195,101.0594656,237.8038019,101.1875005,238.1460753,101.0361288,238.0268262,100.93579
1932,237.8187329,101.2049252,238.207535,101.1283791,237.9666091,101.2203468,238.2667812,100.9902638,237.9541215,101.2853461,238.1748933,101.0045306,237.7288674,101.2382745,237.8853665,101.2246143,237.7740401,101.1851229,237.9778923,101.2163396
1933,237.7531248,100.8497439,237.7456642,101.1203203,237.9399588,100.9894407,237.7242328,101.0670219,237.8708015,100.9928288,237.8747317,101.1525885,237.9575619,100.8530574,237.9839522,100.8320882,237.7943034,101.0468966,237.6823668,101.1880921
1934,237.9774133,100.8930222,238.1133912,100.7849487,238.1911024,100.8371563,237.9832777,100.9168003,238.1980597,100.8335064,238.3148574,100.5994539,238.0756225,100.8017917,238.237441,100.8507838,237.8147645,100.8565403,238.0519392,100.5859673
1935,237.9890773,101.0272031,238.1292072,101.1606696,237.9354452,101.0565111,238.1043857,101.0457397,237.9105584,101.2459903,238.1208424,100.9660567,237.972898,101.1554809,238.0336811,100.9879056,237.8417355,100.9684696,238.0446607,100.9779611
1936,237.9977694,101.0896704,237.8744388,101.0440685,237.5808247,101.0945511,238.0541708,100.9857004,237.9001776,101.0931774,237.7062919,101.2762642,237.9113277,101.0931773,238.2042489,101.0593186,238.0148946,100.9940463,237.9080041,100.9186327
1937,237.6442732,101.0115644,237.595014,101.0860409,237.6921175,101.0086085,237.8465852,101.0251254,237.7316483,101.0166441,237.5254073,101.0821405,237.8431603,100.8556818,237.8198782,101.0324463,237.5436775,101.0286392,237.6757488,101.0353361
1938,237.8262508,101.142597,237.7868706,101.07154,237.8994761,100.9759403,237.7565929,101.0857448,237.8868133,101.0173379,237.9273716,101.0439987,238.0762545,100.9435066,238.0296803,100.8899425,237.9597463,101.1133314,238.2306418,100.996282
1939,237.9648126,100.9339339,237.7401085,101.1681045,238.126216,100.886918,238.0571916,100.9383275,237.9081774,101.1792123,238.0145912,101.0032231,238.0798923,100.9756408,237.845667,100.9255928,237.9874255,100.8681698,237.9627799,101.0096883
1940,238.1434143,100.874512,238.0141952,101.0311517,238.1650438,100.4799284,237.9410956,100.8671501,238.0190367,100.9560448,238.1953282,100.6776083,237.9964,100.8997545,237.8644753,100.8265961,238.2338486,100.6905376,238.0473294,100.7420313
1941,238.0159854,100.9712689,237.9475296,100.7601629,238.1748832,100.809658,238.1990067,100.7833065,237.8766043,100.9762822,238.0939467,100.8600687,238.1358632,100.8802248,238.1949123,100.761559,238.0271762,100.8998834,238.3715955,100.7877979
1942,238.1744664,100.8786872,238.1741187,100.9944198,237.9948078,101.1314804,238.3675537,100.9739827,237.9428469,100.9821594,238.0722522,101.1168872,238.0581021,101.1532887,238.0759895,100.9715694,238.2133746,100.9696525,238.3050388,100.9898082
1943,237.9391313,100.9829755,238.0339891,100.8923173,238.1061086,100.896198,238.1989345,100.7275193,237.950314,100.8776168,238.0211244,101.0433079,237.9448205,100.9571909,237.9842381,100.7569427,238.1235321,100.7808744,238.0716987,100.8452082
1944,237.7029084,101.0771465,237.7091265,101.0688566,237.767218,101.0479214,237.9140017,100.7899147,237.9472379,100.8158045,237.7135187,100.873257,237.6977958,100.8541238,237.9097871,100.8959798,237.8437692,100.7471503,237.6718685,100.908533
1945,238.057757,100.9963624,238.1326662,100.9712366,238.2105504,100.9967147,238.2092017,100.8860574,238.0561658,100.9947394,238.3737614,101.0471445,237.9507061,101.078849,238.1468965,100.8596164,237.8623908,100.9719395,238.0086088,100.9497029
1946,238.4671197,100.8319763,238.3133093,101.0796683,238.304128,100.9216879,238.3081395,100.9781476,238.1901516,101.0157773,238.2507335,101.0148615,238.0843607,100.8705162,238.3008256,101.0121731,238.0480295,101.157855,238.4335234,100.8301797
1947,238.1292632,100.6830362,237.8571206,100.8915865,238.0131264,100.6993348,237.9630089,100.8744618,237.9104437,100.9917056,238.2501279,100.5069102,237.8299886,100.8284151,237.9396777,100.9279669,238.1968957,100.7389194,237.9438988,100.846393
1948,237.9464364,101.0847063,237.6491354,101.2259044,237.8649713,100.909478,238.0627732,101.0786054,238.1156322,101.1543661,237.8268417,101.010846,237.8295262,101.1913494,237.8406278,101.0770747,237.959182,101.1608052,237.7452571,101.3323167
1949,238.2673588,101.2772427,238.2954702,101.1805511,238.1481932,101.1300678,238.4643656,100.9469873,238.2669103,101.1336839,238.2223833,101.1516903,238.2620468,101.2323653,238.3370601,100.9248092,238.1002815,101.3018001,238.2297383,101.205852
1950,238.1814812,100.8894088,238.354163,100.7812931,238.3416766,100.8230521,238.3688959,100.8561795,238.3230761,100.948339,238.2989973,100.6740826,238.1895137,101.069209,238.1019085,100.9265581,238.4585881,100.8320787,238.1089945,100.9723991
1951,238.0600526,101.0555676,237.9401619,101.2753902,238.0058597,101.1290456,238.1507231,100.9990655,238.248034,101.1651296,238.0525072,101.1658137,237.9777798,101.2656273,238.1488062,101.0638572,238.1243156,101.0025315,238.2191518,100.9982783
1952,238.3352253,101.2249591,237.9065233,101.2747781,238.1077287,101.1896857,238.1975589,101.2118116,238.0216871,101.2859157,237.8327024,101.1867551,238.2445469,101.1064862,237.9948487,101.2985319,238.254335,101.3392653,238.3030481,101.1706484
1953,237.8929165,101.0378256,237.7824249,100.9141823,237.7425461,100.9994706,238.0180515,101.0812311,238.0734875,101.013822,238.1119289,100.8726584,238.070074,101.0319291,237.8844421,101.2522795,238.0512502,100.9497758,238.0391402,100.9101787
1954,238.0586371,100.9885945,237.7891277,101.0846162,238.1634114,100.8612503,238.0864875,100.8437905,237.873406,101.038561,237.730571,101.1091941,237.883405,100.8208748,238.0550359,100.9845699,237.9893897,101.0283025,238.0567896,101.0014293
1955,237.8388959,101.1655388,238.0342121,100.9555978,237.8985514,101.1473466,238.0771341,101.0583397,237.9934948,101.2088561,238.1772039,101.0759704,238.0446736,100.9311545,237.9981076,101.1098008,238.0183145,101.2393103,237.9479449,101.1108768
1956,237.7820365,101.33243,237.5246363,101.3312788,237.6309942,101.2707827,237.8498478,101.0067565,237.8091567,101.1946625,238.0771319,101.1666333,237.8740422,101.0104413,237.3886899,101.3637236,237.9199223,100.9942207,237.702259,101.2307376
1957,237.8610884,101.023727,237.8697477,101.1932373,237.788347,101.0684806,237.7703306,101.178134,237.7499145,101.2900862,237.5648594,101.1185754,237.9309495,101.0568215,237.9030103,101.1169417,238.2080816,100.9337825,237.9376215,100.9628022
1958,238.5391271,101.1462633,238.1975063,101.4625108,238.1264928,101.4178512,238.4043593,101.4644634,238.350611,101.3100301,238.2134949,101.4476049,238.4194927,101.3544967,238.3857625,101.3365056,238.4130044,101.2913442,238.3910198,101.2641163
1959,237.9267686,101.1869095,237.869652,101.2896731,237.9482049,101.0284179,237.9922832,101.1490096,238.0643884,101.0878488,238.0570437,101.0753755,237.9556839,101.1544422,238.0159763,101.0310924,238.0096108,100.9578058,238.0013372,101.3324589
1960,237.8954997,101.0597141,238.0030901,100.7684989,237.7701341,100.8608456,237.8638831,101.1694187,237.86503,101.1244946,237.848833,101.0583875,237.8949266,100.8730451,237.792583,100.9741584,237.8744679,101.0859816,237.9698416,100.9699429
1961,238.1502672,101.2421736,237.8788724,101.4886973,238.0392685,101.3913736,238.0173183,101.4617043,238.1356894,101.2810833,238.0591026,101.406025,238.0685361,101.3115174,238.0875045,101.4366693,238.0600882,101.4547632,238.196936,101.3443595
1962,237.9882782,101.1842817,237.7867857,101.413153,237.7306899,101.3080775,238.0561845,101.1097022,237.8482778,101.601893,238.1686459,101.3737366,238.0411934,101.1635884,238.0794069,101.3469582,238.1897836,101.3254021,237.9808892,101.2903432
1963,237.6065304,101.7982297,237.5737589,101.7899578,237.3185516,101.8805084,237.5952933,101.9907747,237.3159353,102.1373357,237.4892171,101.91796,237.5456827,102.0559956,237.6148056,101.881622,237.666923,101.7410144,237.7709398,101.7780558
1964,237.9357369,101.7604598,238.0980988,101.6241123,237.9855429,101.6107324,237.8531595,101.7534116,237.9866124,101.7986896,237.9532336,101.7167803,237.9080528,101.7072838,238.2065323,101.5888892,238.1885244,101.7206407,237.9995016,101.7074301
1965,237.9714516,101.4164748,237.9480472,101.6212418,237.972518,101.5827317,237.8792466,101.5825245,237.9357617,101.560831,237.7830355,101.4841212,238.2530902,101.3914057,237.9669914,101.37481,237.719733,101.6314949,237.8558588,101.4612488
1966,237.8776142,101.5602902,237.8722931,101.4683919,237.6936929,101.5749437,237.5380551,101.525262,237.6491747,101.5736006,237.9278622,101.4717195,237.658857,101.4981096,237.8648791,101.34345,237.8051986,101.3024087,237.62243,101.600848
1967,237.5194356,101.3248983,237.3192151,101.3269556,237.64548,101.0901471,237.5592722,101.1350277,237.4423565,101.3675652,237.5526397,101.0796536,237.725154,100.9722488,237.7981276,101.2110057,237.5115283,101.1959202,237.6366148,101.1141063
1968,237.7593594,101.1533867,237.7418312,101.3282713,237.5672262,101.1662985,237.8864449,101.1578547,237.7866234,101.188633,237.6057145,101.1891975,237.5543121,101.2101912,237.7060273,101.3499622,237.6593317,101.0764678,237.7292701,101.3546636
1969,237.9000199,101.4805424,238.0037904,101.5214737,237.9883314,101.4502392,237.8842111,101.5580132,237.9478522,101.3721439,237.9355516,101.1848922,237.9573704,101.4584595,238.1070634,101.2416934,237.6940008,101.5412865,237.9698606,101.3907392
1970,237.8293917,100.9497424,237.739826,100.9616735,237.8336409,101.0866988,237.5990742,101.3177408,237.746805,101.19542,237.7375444,100.9377726,237.8841907,100.9663559,237.750082,101.0866496,237.6777596,100.9721113,237.7549732,101.0305428
1971,238.0087612,101.3768877,237.7641439,101.3820525,237.8459992,101.504857,237.755709,101.4799769,238.0556553,101.3218502,238.1510175,101.1846844,237.9210492,101.3610061,237.6261628,101.5209726,237.8240858,101.4732873,238.0365355,101.3179072
1972,237.8940119,101.3253029,237.6994259,101.3256718,237.6646124,101.5205837,237.7688136,101.3033889,237.4478485,101.5081976,237.6110403,101.4156006,237.8807599,101.2703537,237.8178408,101.3135121,237.6773304,101.5234817,237.5964328,101.3903408
1973,238.0130499,101.2892041,237.8924484,101.4883066,237.5251537,101.5300591,237.7563836,101.3254328,237.8995823,101.5042553,237.8859706,101.236812,237.8503316,101.368869,237.8149385,101.3954694,237.8250613,101.4878381,237.8926228,101.1845368
1974,237.7128289,101.3223958,237.5524461,101.4064747,237.9164091,101.2239871,237.7180344,101.3097768,237.5740488,101.3514852,238.0566412,101.0204358,237.7296774,101.2826625,237.8839896,101.115982,237.9310605,101.17225,237.9349857,101.3561601
1975,238.1931638,101.5582216,238.0794532,101.5821458,238.2181827,101.5563141,237.9873269,101.5079165,237.8269416,101.6119998,238.2594496,101.3523919,238.0577479,101.4415518,237.9872375,101.5094139,238.2741499,101.3547006,238.232157,101.3377022
1976,237.693235,101.1451573,237.5573934,101.3430605,237.6749722,101.2256239,237.5805573,101.2608779,237.7183994,101.2126096,237.6553652,101.0382946,237.4759254,101.2237014,237.5379685,101.3889245,237.7311149,101.2665859,237.5902794,101.0314989
1977,237.4893472,101.7658836,237.6059185,101.3911162,237.5565409,101.5953558,237.4460553,101.6981737,237.5246775,101.493377,237.7844642,101.6356869,237.6444179,101.7035024,237.6798532,101.5051487,237.5690035,101.8323505,237.7788168,101.3232763
1978,237.6637359,101.3167266,237.6099146,101.2604107,237.7933291,101.434483,237.6892428,101.2811171,237.8733667,101.4757754,237.8970369,101.0752213,237.7431933,101.2351764,237.6875119,101.2985189,237.7399624,101.337534,237.5316622,101.2113069
1979,237.6937685,101.297499,237.5658264,101.2757915,237.8827291,101.0678346,237.6022075,101.3437907,237.5042228,101.3728169,237.8584896,101.1039567,237.6638954,101.3161372,237.6603188,101.3254036,237.6610015,101.3656877,237.6148967,101.2629008
1980,238.3890156,101.3212256,237.8813622,101.5586311,238.1731512,101.3357973,238.1861155,101.323447,237.9699245,101.4937432,238.0917974,101.4651743,238.3569992,101.4588712,238.1588123,101.3710201,238.3081659,101.2583343,238.119956,101.4113015
1981,237.9198706,101.2383912,238.0095828,101.1450848,238.1415032,101.2119904,237.9940196,101.0852283,237.8251799,101.1781713,238.1272803,101.117287,238.1193808,101.0113853,238.3624626,101.0289464,238.225065,100.9242841,237.9398819,101.1750187
1982,237.6731323,101.7876186,237.8984177,101.4180708,237.5643274,101.893521,237.6795256,101.6177199,237.721083,101.5486603,237.7884675,101.4747382,237.7561523,101.3620015,237.7074211,101.7545619,238.0317505,101.5248655,238.0166401,101.4731778
1983,237.4315916,101.7876649,237.3747332,101.7206001,237.3390528,101.7611484,237.1806342,101.7069003,237.4803005,101.6692813,237.6709383,101.336241,237.2396961,101.6304729,237.2377499,101.7790573,237.2676817,101.7630926,237.4894214,101.498861
1984,237.4600521,101.5235215,237.1156544,101.6816772,237.285776,101.6430491,237.0273659,101.5459369,237.3822914,101.4957481,237.5131045,101.3389132,237.4621897,101.4059347,237.3705787,101.4730499,237.3522572,101.3803215,237.5339254,101.3156055
1985,237.6662882,101.2761635,237.6282798,101.3225778,237.8496007,101.4010925,237.7842166,101.3015607,237.7881354,101.3451603,237.7944099,101.3839146,237.7503631,101.0916465,237.8377993,101.4441703,237.6487647,101.5226818,237.6991161,101.206135
1986,237.5879194,101.3743268,237.7047837,101.5401786,237.6295375,101.3557792,237.6649027,101.369644,237.7318885,101.252796,237.8386682,101.4086572,237.8315974,101.4285512,237.8886367,101.201398,237.7772564,101.3864118,237.8147222,101.4439049
1987,237.7393727,101.3979344,237.9650959,101.2787892,238.0446636,101.400173,238.0336342,101.3134532,238.1296125,101.2255336,238.133396,101.1738,238.1542073,101.2715085,237.9478634,101.1841374,238.2074763,101.1172435,237.9355854,101.1740001
1988,237.8681955,101.1554697,238.0932378,101.717373,237.9441451,101.2355634,238.1715959,101.2860175,237.860652,101.5518934,238.1087757,101.2103562,238.1897563,101.2287835,238.0166607,101.1718076,237.9415576,101.3277673,238.264907,101.198754
1989,237.7726367,100.9152947,237.3548259,100.9495382,237.895646,100.8948518,237.6614371,101.1944028,237.7169972,100.9711582,237.5768136,101.0455808,237.7351347,100.953552,237.8289429,100.8141663,237.7448275,100.8828401,237.5324936,101.0078417
1990,237.6928747,100.9276038,237.7112328,101.391227,237.7966068,101.3208713,237.7533793,101.1373229,237.8933765,100.9264362,237.8429763,101.3126386,237.9476059,101.1220292,237.6853035,101.1344791,237.6996575,101.2462925,237.8127598,101.2068936
1991,237.3171129,101.8809278,237.4813495,101.6743104,237.2948023,101.8859616,237.1161722,101.7948763,237.5266346,101.7031117,237.3004941,101.7393699,237.2404453,101.8873921,237.4104121,101.7895811,237.1912012,101.7812899,237.3629952,101.9887844
1992,237.08031,102.5460933,237.1204524,102.7161986,236.8855412,102.5269888,236.7005692,102.6529559,237.160963,102.5464597,236.9741318,102.5774533,237.2664345,102.4995075,236.9155691,102.6251367,236.8389732,102.7918023,237.1431618,102.3702646
1993,237.48159,101.8069114,237.3850968,102.0288782,237.5679586,101.9066992,237.3513065,102.0108819,237.5553083,101.9529082,237.4197358,101.9289538,237.7330632,101.8001172,237.4151104,102.0444942,237.4670682,101.9041862,237.6230478,101.5725443
1994,237.3267681,101.1624428,237.3612106,101.3124262,237.6164107,101.1843409,237.4816101,101.1644506,237.7176873,100.9715569,237.6046055,101.3048208,237.7116598,101.0071888,237.5239108,101.1965756,237.5671057,101.0520687,237.4975177,101.132672
1995,237.828716,101.1413619,237.7367119,101.321439,237.8828476,101.3044969,237.7849513,101.3800034,237.5600637,101.4838194,237.6801221,101.5285778,237.95412,101.3267299,237.9313649,101.3540732,237.7710938,101.3375602,237.8905138,101.6499482
1996,237.3695707,100.9429364,237.7257433,100.7974351,237.4226309,101.1823683,237.3386971,100.8976969,237.4281436,101.0378449,237.362798,101.101581,237.417527,101.2020624,237.6033307,100.8816592,237.5038541,100.9083207,237.5697266,100.9290855
1997,237.579423,101.1968448,237.6447014,101.325204,237.8658025,101.0770599,237.5336083,101.1591397,237.5886208,101.2214967,237.7193115,101.37947,237.6176843,101.2651633,237.7880482,101.0513922,237.7710103,101.1781379,237.819222,101.161943
1998,237.8542263,101.0951693,237.8027368,101.1383645,237.7641492,101.2355228,237.8941989,101.0381533,237.7125198,101.0030379,237.9587341,100.8819147,237.8576391,101.1560526,237.803329,100.9364522,237.8571365,101.2821946,238.0682392,101.10572
1999,237.6060711,101.3734785,237.6584039,101.2964344,237.5412392,101.3594277,237.6153396,101.2394448,237.6520372,101.1825703,237.4462026,101.40998,237.4113258,101.2819367,237.4813639,101.2144844,237.5104239,101.3158549,237.5678752,101.1918844
2000,237.8207786,100.9695264,237.4624168,101.0633944,237.7578358,101.1159275,237.7093061,101.0827998,237.7560029,100.822631,237.9298648,101.0401647,237.8168511,101.0775511,237.8107837,100.8438605,237.7667261,100.9302659,237.9349816,100.8242071
2001,238.3803215,101.0867279,238.3587212,101.0828987,238.0045104,101.2890103,238.0616471,101.3203304,238.1302293,101.0992062,238.3199217,101.3052972,238.1915932,101.1805615,238.0867269,101.0761868,238.0633874,101.060133,238.2487861,101.1469563
2002,237.4575611,101.1253754,237.5899233,101.0621629,237.6301808,101.1593051,237.8458367,100.8727526,237.4995316,100.8841536,237.5258877,101.0905829,237.5873501,100.9346821,237.7813232,100.8127201,237.3074004,101.1278892,237.6558426,100.9832467
2003,237.5569999,100.8178212,237.5853178,100.9621932,237.44617,101.0528416,237.3059812,101.1367131,237.6671912,100.9022176,237.4683715,101.1280271,237.6629277,100.8833647,237.5797573,100.620345,237.6638638,100.8141095,237.359559,101.0405207
2004,237.8455748,101.0957561,237.6123459,101.2911021,237.6680238,101.1339006,237.4540986,101.257902,237.6183476,101.1027868,237.9149121,101.0634691,237.851957,101.0091421,237.6929955,101.1669599,237.8407976,101.0244519,237.914948,100.9745779
2005,237.4025082,100.8923068,237.4084946,100.7994835,237.635545,100.5079733,237.3799563,101.0018852,237.2772021,100.7320383,237.6067177,100.7264612,237.6405249,100.6679798,237.7043429,100.6898468,237.465023,100.7518327,237.6252116,100.4859225
2006,237.6914764,100.8874482,237.5831369,100.9077713,237.9631399,100.6988614,237.4150035,101.1504731,237.5554481,101.0702738,237.7644175,100.565235,237.4884886,100.9648519,237.720431,100.7853836,237.8677914,100.8845776,237.6276568,100.8102449
2007,237.8909771,101.084527,238.1224759,100.9918581,237.9907253,101.089252,237.9184627,101.0837441,237.7387443,101.1289526,238.2588728,100.8148466,238.0953709,100.9563924,238.1501462,100.971887,237.8409141,101.0330129,238.1769288,100.9888037
2008,237.6558678,101.0230207,237.5850589,100.9624187,237.7212345,100.7521595,237.6407109,100.985803,237.5057231,101.0230836,237.7703362,100.654742,237.7533268,100.9998798,237.7429063,100.7450358,237.8619476,100.7777744,237.8948384,100.725185
2009,237.694849,100.7970113,237.5353103,100.6900572,237.5006527,100.9934612,237.4982662,100.8523112,237.6108886,100.8511455,237.4746601,100.8477348,237.6777834,100.8390969,237.5190177,100.9025814,237.6639685,100.7194656,237.6304433,100.8491694
2010,238.0911535,101.1665642,237.7582404,101.1809201,237.9609294,101.167064,237.9891243,101.1570201,237.813385,101.3995452,237.9390085,101.2645636,237.723239,101.1147553,238.1306591,100.8844991,237.8736157,101.2705711,237.903654,101.0144719
2011,237.5791264,100.8550685,237.8209583,100.700936,237.4470828,100.6327063,237.3623995,100.8402688,237.6892177,100.8176799,237.4758494,100.7791717,237.7039597,100.5898358,237.5272109,100.5955568,237.5007679,100.6146974,237.5962069,100.5524992
2012,237.9134021,100.7791035,237.7316972,100.8900587,237.6411516,101.0556532,237.6291488,100.9877225,237.7699017,100.9993837,237.7040687,100.7368599,237.9354017,100.6736344,237.8053671,100.7310346,237.7888366,100.7989417,237.9708005,100.9467394
2013,237.8945381,100.9682556,237.8445221,101.0558781,237.8104344,100.898571,237.6973825,100.9637162,237.9381838,100.7249884,237.9060625,101.0484755,238.2559922,100.6035447,238.0393805,100.7267056,237.9385084,100.9528575,237.9359555,100.9014649
2014,237.7008744,100.54519,237.864948,100.7175745,237.7058968,100.5818597,237.5769463,100.6980899,237.5657976,100.6785223,237.5335082,100.5516534,237.7000406,100.7754707,237.6168512,100.7413213,237.837766,100.5239178,237.8562655,100.4010588
